sensor_id,timestamp,value,unit
0,2025-06-04T16:04:47.479881,78.32472712044085,%
1,2025-06-04T16:04:47.479881,47.64818715918787,°C
2,2025-06-04T16:04:47.489299,1021.9774183329561,hPa
3,2025-06-04T16:04:47.499298,62.76510801188978,AQI
0,2025-06-04T16:04:47.759164,78.32472712044085,%
1,2025-06-04T16:04:47.759164,47.64818715918787,°C
2,2025-06-04T16:04:47.769162,1021.9774183329561,hPa
3,2025-06-04T16:04:47.779133,62.76510801188978,AQI
0,2025-06-04T16:04:48.038956,78.32472712044085,%
1,2025-06-04T16:04:48.039397,47.64818715918787,°C
2,2025-06-04T16:04:48.048886,1021.9774183329561,hPa
3,2025-06-04T16:04:48.057879,62.76510801188978,AQI
0,2025-06-04T16:04:48.318468,78.32472712044085,%
1,2025-06-04T16:04:48.318468,47.64818715918787,°C
2,2025-06-04T16:04:48.328465,1021.9774183329561,hPa
3,2025-06-04T16:04:48.337689,62.76510801188978,AQI
0,2025-06-04T16:04:48.598220,69.10288218316576,%
1,2025-06-04T16:04:48.598220,36.91016386300725,°C
2,2025-06-04T16:04:48.608601,953.8713443350332,hPa
3,2025-06-04T16:04:48.617854,323.555574455008,AQI
0,2025-06-04T16:04:48.877941,69.10288218316576,%
1,2025-06-04T16:04:48.877941,36.91016386300725,°C
2,2025-06-04T16:04:48.887276,953.8713443350332,hPa
3,2025-06-04T16:04:48.897270,323.555574455008,AQI
0,2025-06-04T16:04:49.157732,69.10288218316576,%
1,2025-06-04T16:04:49.157732,36.91016386300725,°C
2,2025-06-04T16:04:49.167730,953.8713443350332,hPa
3,2025-06-04T16:04:49.177722,323.555574455008,AQI
0,2025-06-04T16:04:49.437803,69.10288218316576,%
1,2025-06-04T16:04:49.437803,36.91016386300725,°C
2,2025-06-04T16:04:49.448801,953.8713443350332,hPa
3,2025-06-04T16:04:49.449801,323.555574455008,AQI
0,2025-06-04T16:04:49.711458,84.58848524890692,%
1,2025-06-04T16:04:49.711458,-3.5693231837665422,°C
2,2025-06-04T16:04:49.723707,1026.0095828353417,hPa
3,2025-06-04T16:04:49.734698,6.897292856717918,AQI
0,2025-06-04T16:04:49.996676,84.58848524890692,%
1,2025-06-04T16:04:49.996676,-3.5693231837665422,°C
2,2025-06-04T16:04:50.006927,1026.0095828353417,hPa
3,2025-06-04T16:04:50.007927,6.897292856717918,AQI
0,2025-06-04T16:04:50.268419,84.58848524890692,%
1,2025-06-04T16:04:50.268805,-3.5693231837665422,°C
2,2025-06-04T16:04:50.278800,1026.0095828353417,hPa
3,2025-06-04T16:04:50.288794,6.897292856717918,AQI
0,2025-06-04T16:04:50.549265,84.58848524890692,%
1,2025-06-04T16:04:50.549772,-3.5693231837665422,°C
2,2025-06-04T16:04:50.549772,1026.0095828353417,hPa
3,2025-06-04T16:04:50.559769,6.897292856717918,AQI
0,2025-06-04T16:04:50.830436,81.42101560663679,%
1,2025-06-04T16:04:50.830436,-7.2593607712373185,°C
2,2025-06-04T16:04:50.840819,993.7003694980602,hPa
3,2025-06-04T16:04:50.851260,234.02866071683582,AQI
0,2025-06-04T16:04:51.111158,81.42101560663679,%
1,2025-06-04T16:04:51.111158,-7.2593607712373185,°C
2,2025-06-04T16:04:51.123171,993.7003694980602,hPa
3,2025-06-04T16:04:51.134177,234.02866071683582,AQI
0,2025-06-04T16:04:51.397226,81.42101560663679,%
1,2025-06-04T16:04:51.397226,-7.2593607712373185,°C
2,2025-06-04T16:04:51.409679,993.7003694980602,hPa
3,2025-06-04T16:04:51.420672,234.02866071683582,AQI
0,2025-06-04T16:04:51.682824,81.42101560663679,%
1,2025-06-04T16:04:51.683308,-7.2593607712373185,°C
2,2025-06-04T16:04:51.694048,993.7003694980602,hPa
3,2025-06-04T16:04:51.706040,234.02866071683582,AQI
0,2025-06-04T16:04:51.957263,65.23720567321726,%
1,2025-06-04T16:04:51.957263,36.2282198357597,°C
2,2025-06-04T16:04:51.969263,1014.3564902311442,hPa
3,2025-06-04T16:04:51.980441,361.35851791655114,AQI
0,2025-06-04T16:04:52.242487,65.23720567321726,%
1,2025-06-04T16:04:52.242487,36.2282198357597,°C
2,2025-06-04T16:04:52.254484,1014.3564902311442,hPa
3,2025-06-04T16:04:52.265476,361.35851791655114,AQI
0,2025-06-04T16:04:52.525489,65.23720567321726,%
1,2025-06-04T16:04:52.526000,36.2282198357597,°C
2,2025-06-04T16:04:52.537995,1014.3564902311442,hPa
3,2025-06-04T16:04:52.548988,361.35851791655114,AQI
0,2025-06-04T16:04:52.888297,65.23720567321726,%
1,2025-06-04T16:04:52.889295,36.2282198357597,°C
2,2025-06-04T16:04:52.889295,1014.3564902311442,hPa
3,2025-06-04T16:04:52.900290,361.35851791655114,AQI
0,2025-06-04T16:04:53.161635,86.68317201484193,%
1,2025-06-04T16:04:53.161635,-11.050605235580482,°C
2,2025-06-04T16:04:53.175630,1007.8393272655449,hPa
3,2025-06-04T16:04:53.187625,285.162979141161,AQI
0,2025-06-04T16:04:53.458975,86.68317201484193,%
1,2025-06-04T16:04:53.470967,-11.050605235580482,°C
2,2025-06-04T16:04:53.500949,1007.8393272655449,hPa
3,2025-06-04T16:04:53.512944,285.162979141161,AQI
0,2025-06-04T16:04:53.778317,86.68317201484193,%
1,2025-06-04T16:04:53.778317,-11.050605235580482,°C
2,2025-06-04T16:04:53.788321,1007.8393272655449,hPa
3,2025-06-04T16:04:53.797315,285.162979141161,AQI
0,2025-06-04T16:04:54.057913,86.68317201484193,%
1,2025-06-04T16:04:54.057913,-11.050605235580482,°C
2,2025-06-04T16:04:54.070909,1007.8393272655449,hPa
3,2025-06-04T16:04:54.081903,285.162979141161,AQI
0,2025-06-04T16:04:54.343397,60.74586690694429,%
1,2025-06-04T16:04:54.343397,7.018998173895007,°C
2,2025-06-04T16:04:54.353689,969.4596551976979,hPa
3,2025-06-04T16:04:54.362684,292.0337403695104,AQI
0,2025-06-04T16:04:54.623031,60.74586690694429,%
1,2025-06-04T16:04:54.623535,7.018998173895007,°C
2,2025-06-04T16:04:54.632532,969.4596551976979,hPa
3,2025-06-04T16:04:54.643526,292.0337403695104,AQI
0,2025-06-04T16:04:54.904872,60.74586690694429,%
1,2025-06-04T16:04:54.904872,7.018998173895007,°C
2,2025-06-04T16:04:54.915869,969.4596551976979,hPa
3,2025-06-04T16:04:54.926862,292.0337403695104,AQI
0,2025-06-04T16:04:55.188170,60.74586690694429,%
1,2025-06-04T16:04:55.188170,7.018998173895007,°C
2,2025-06-04T16:04:55.200166,969.4596551976979,hPa
3,2025-06-04T16:04:55.211159,292.0337403695104,AQI
0,2025-06-04T16:04:55.473934,78.69970332890966,%
1,2025-06-04T16:04:55.473934,28.39602387324087,°C
2,2025-06-04T16:04:55.484930,953.9432669740441,hPa
3,2025-06-04T16:04:55.495922,155.09491130717456,AQI
0,2025-06-04T16:04:55.757229,78.69970332890966,%
1,2025-06-04T16:04:55.757229,28.39602387324087,°C
2,2025-06-04T16:04:55.766626,953.9432669740441,hPa
3,2025-06-04T16:04:55.776816,155.09491130717456,AQI
0,2025-06-04T16:04:56.036724,78.69970332890966,%
1,2025-06-04T16:04:56.036724,28.39602387324087,°C
2,2025-06-04T16:04:56.046477,953.9432669740441,hPa
3,2025-06-04T16:04:56.055898,155.09491130717456,AQI
0,2025-06-04T16:04:56.315997,78.69970332890966,%
1,2025-06-04T16:04:56.316508,28.39602387324087,°C
2,2025-06-04T16:04:56.328226,953.9432669740441,hPa
3,2025-06-04T16:04:56.340218,155.09491130717456,AQI
0,2025-06-04T16:04:56.601803,73.43093055481648,%
1,2025-06-04T16:04:56.601803,20.541957566333643,°C
2,2025-06-04T16:04:56.611911,966.0562119845818,hPa
3,2025-06-04T16:04:56.622037,153.405062166521,AQI
0,2025-06-04T16:04:56.882144,73.43093055481648,%
1,2025-06-04T16:04:56.882144,20.541957566333643,°C
2,2025-06-04T16:04:56.892861,966.0562119845818,hPa
3,2025-06-04T16:04:56.901848,153.405062166521,AQI
0,2025-06-04T16:04:57.162186,73.43093055481648,%
1,2025-06-04T16:04:57.162186,20.541957566333643,°C
2,2025-06-04T16:04:57.173576,966.0562119845818,hPa
3,2025-06-04T16:04:57.184569,153.405062166521,AQI
0,2025-06-04T16:04:57.447063,73.43093055481648,%
1,2025-06-04T16:04:57.447573,20.541957566333643,°C
2,2025-06-04T16:04:57.459570,966.0562119845818,hPa
3,2025-06-04T16:04:57.469563,153.405062166521,AQI
0,2025-06-04T16:04:57.731405,88.9101631553205,%
1,2025-06-04T16:04:57.731909,-6.85321299536956,°C
2,2025-06-04T16:04:57.742665,957.1122892547857,hPa
3,2025-06-04T16:04:57.754658,439.519017309427,AQI
0,2025-06-04T16:04:58.015501,88.9101631553205,%
1,2025-06-04T16:04:58.015501,-6.85321299536956,°C
2,2025-06-04T16:04:58.026962,957.1122892547857,hPa
3,2025-06-04T16:04:58.037956,439.519017309427,AQI
0,2025-06-04T16:04:58.300415,88.9101631553205,%
1,2025-06-04T16:04:58.300415,-6.85321299536956,°C
2,2025-06-04T16:04:58.311411,957.1122892547857,hPa
3,2025-06-04T16:04:58.322405,439.519017309427,AQI
0,2025-06-04T16:04:58.583887,88.9101631553205,%
1,2025-06-04T16:04:58.584397,-6.85321299536956,°C
2,2025-06-04T16:04:58.593395,957.1122892547857,hPa
3,2025-06-04T16:04:58.603390,439.519017309427,AQI
0,2025-06-04T16:04:58.863949,82.50293360840062,%
1,2025-06-04T16:04:58.863949,16.238029332500687,°C
2,2025-06-04T16:04:58.875359,990.6124859613261,hPa
3,2025-06-04T16:04:58.885351,280.8103815444475,AQI
0,2025-06-04T16:04:59.147550,82.50293360840062,%
1,2025-06-04T16:04:59.147970,16.238029332500687,°C
2,2025-06-04T16:04:59.157967,990.6124859613261,hPa
3,2025-06-04T16:04:59.166961,280.8103815444475,AQI
0,2025-06-04T16:04:59.427426,82.50293360840062,%
1,2025-06-04T16:04:59.427426,16.238029332500687,°C
2,2025-06-04T16:04:59.437076,990.6124859613261,hPa
3,2025-06-04T16:04:59.447073,280.8103815444475,AQI
0,2025-06-04T16:04:59.708074,82.50293360840062,%
1,2025-06-04T16:04:59.708579,16.238029332500687,°C
2,2025-06-04T16:04:59.720573,990.6124859613261,hPa
3,2025-06-04T16:04:59.731567,280.8103815444475,AQI
0,2025-06-04T16:04:59.993134,71.66836289893878,%
1,2025-06-04T16:04:59.993134,2.776675486360851,°C
2,2025-06-04T16:05:00.003132,983.7096263862605,hPa
3,2025-06-04T16:05:00.013126,437.01794280154814,AQI
0,2025-06-04T16:05:00.273597,71.66836289893878,%
1,2025-06-04T16:05:00.273597,2.776675486360851,°C
2,2025-06-04T16:05:00.285593,983.7096263862605,hPa
3,2025-06-04T16:05:00.300586,437.01794280154814,AQI
0,2025-06-04T16:05:00.563041,71.66836289893878,%
1,2025-06-04T16:05:00.563041,2.776675486360851,°C
2,2025-06-04T16:05:00.573038,983.7096263862605,hPa
3,2025-06-04T16:05:00.583032,437.01794280154814,AQI
0,2025-06-04T16:05:00.843080,71.66836289893878,%
1,2025-06-04T16:05:00.843080,2.776675486360851,°C
2,2025-06-04T16:05:00.852959,983.7096263862605,hPa
3,2025-06-04T16:05:00.861957,437.01794280154814,AQI
0,2025-06-04T16:05:01.124773,66.43776975413692,%
1,2025-06-04T16:05:01.124773,40.50794138793307,°C
2,2025-06-04T16:05:01.136768,980.9795539434415,hPa
3,2025-06-04T16:05:01.147764,94.51471989162557,AQI
0,2025-06-04T16:05:01.408016,66.43776975413692,%
1,2025-06-04T16:05:01.409019,40.50794138793307,°C
2,2025-06-04T16:05:01.421011,980.9795539434415,hPa
3,2025-06-04T16:05:01.435004,94.51471989162557,AQI
